<?xml version="1.0"?>
<!--
 Copyright (c) 2017, Adam <Adam@sigterm.info>
 Copyright (c) 2019, ThatGamerBlue <thatgamerblue@gmail.com>
 All rights reserved.

 Redistribution and use in source and binary forms, with or without
 modification, are permitted provided that the following conditions are met:

 1. Redistributions of source code must retain the above copyright notice, this
    list of conditions and the following disclaimer.
 2. Redistributions in binary form must reproduce the above copyright notice,
    this list of conditions and the following disclaimer in the documentation
    and/or other materials provided with the distribution.

 THIS SOFTWARE IS PROVIDED BY THE COPYRIGHT HOLDERS AND CONTRIBUTORS "AS IS" AND
 ANY EXPRESS OR IMPLIED WARRANTIES, INCLUDING, BUT NOT LIMITED TO, THE IMPLIED
 WARRANTIES OF MERCHANTABILITY AND FITNESS FOR A PARTICULAR PURPOSE ARE
 DISCLAIMED. IN NO EVENT SHALL THE COPYRIGHT OWNER OR CONTRIBUTORS BE LIABLE FOR
 ANY DIRECT, INDIRECT, INCIDENTAL, SPECIAL, EXEMPLARY, OR CONSEQUENTIAL DAMAGES
 (INCLUDING, BUT NOT LIMITED TO, PROCUREMENT OF SUBSTITUTE GOODS OR SERVICES;
 LOSS OF USE, DATA, OR PROFITS; OR BUSINESS INTERRUPTION) HOWEVER CAUSED AND
 ON ANY THEORY OF LIABILITY, WHETHER IN CONTRACT, STRICT LIABILITY, OR TORT
 (INCLUDING NEGLIGENCE OR OTHERWISE) ARISING IN ANY WAY OUT OF THE USE OF THIS
 SOFTWARE, EVEN IF ADVISED OF THE POSSIBILITY OF SUCH DAMAGE.
-->
<!DOCTYPE module PUBLIC
		"-//Checkstyle//DTD Checkstyle Configuration 1.3//EN"
		"https://checkstyle.org/dtds/configuration_1_3.dtd">
<module name="Checker">
	<module name="TreeWalker">
		<module name="SuppressionCommentFilter"/>
		<module name="LeftCurly">
			<property name="option" value="nl"/>
		</module>
		<module name="RightCurly">
			<property name="option" value="alone"/>
		</module>
		<!-- require tabs for indenting - https://stackoverflow.com/a/28550141 -->
		<module name="RegexpSinglelineJava">
			<property name="format" value="^\t* "/>
			<property name="message" value="Indent must use tab characters"/>
			<property name="ignoreComments" value="true"/>
		</module>
		<module name="RegexpSinglelineJava">
			<property name="format" value="import (?!static|java\.awt).*\*"/>
			<property name="message" value="Multiline imports are disallowed if they are not static"/>
			<property name="ignoreComments" value="true"/>
		</module>
		<module name="WhitespaceAround"/>
		<module name="WhitespaceAfter">
			<property name="tokens" value="COMMA"/>
		</module>
		<module name="UnusedImports"/>
	</module>
	<module name="RegexpMultiline">
		<property name="format" value="else[ \t]*[\r\n]+[ \t]*if"/>
		<property name="message" value="Newline should not be between else and if"/>
	</module>
	<module name="SuppressionFilter">
		<property name="file" value="${config_loc}/suppressions.xml"/>
	</module>
</module>
